{
    "contributions": [
        {
            "id": "sample-service-yes-command",
            "type": "ms.vss-web.command",
            "properties": {
                "uri": "dist/command/command.html",
                "serviceName": "SampleCommandService",
                "methodName": "yesCommand"
            }
        },
        {
            "id": "sample-service-no-command",
            "type": "ms.vss-web.command",
            "properties": {
                "uri": "dist/command/command.html",
                "serviceName": "SampleCommandService",
                "methodName": "noCommand"
            }
        }
    ]
}