{
    "manifestVersion": 1,
    "id": "samples",
    "publisher": "",
    "version": "1.0.464",
    "name": "Extension Sample",
    "description": "Azure DevOps extension sample",
    "categories": [
        "Azure Pipelines"
    ],
    "targets": [
        {
            "id": "Microsoft.VisualStudio.Services"
        }
    ],
    "icons": {
        "default": "logo.png"
    },
    "content": {
        "details": {
            "path": "overview.md"
        }
    },
    "files": [
        {
            "path": "static",
            "addressable": true
        },
        {
            "path": "dist",
            "addressable": true
        }
    ]
}
