{
    "contributions": [
        {
            "id": "backlog-item-menu",
            "type": "ms.vss-web.action",
            "targets": [
                "ms.vss-work-web.backlog-item-menu"
            ],
            "properties": {
                "text": "Custom backlog item action",
                "uri": "dist/backlog-item-menu/backlog-item-menu.html",
                "icon": {
                    "light": "static/asterisk.png",
                    "dark": "static/asterisk.png"
                },
                "registeredObjectId": "sample-backlog-item-menu"
            }
        }
    ]
}